timestamp,solar_kw,load_kw
00:00,0.0,52.48
00:15,0.0,49.31
00:30,0.0,53.24
00:45,0.0,57.62
01:00,0.0,48.83
01:15,0.0,48.83
01:30,0.0,57.9
01:45,0.0,53.84
02:00,0.0,47.65
02:15,0.0,52.71
02:30,0.0,47.68
02:45,0.0,47.67
03:00,0.0,51.21
03:15,0.0,40.44
03:30,0.0,41.38
03:45,0.0,47.2
04:00,0.0,44.97
04:15,0.0,51.63
04:30,0.0,45.58
04:45,0.0,43.15
05:00,0.0,57.71
05:15,0.0,49.53
05:30,0.0,51.44
05:45,0.0,44.66
06:00,0.0,53.36
06:15,0.71,56.16
06:30,22.63,54.87
06:45,37.54,68.32
07:00,59.66,57.29
07:15,84.66,60.82
07:30,91.26,62.27
07:45,86.0,78.89
08:00,125.41,85.04
08:15,127.89,89.09
08:30,123.53,93.13
08:45,148.42,107.41
09:00,170.08,97.55
09:15,180.83,107.14
09:30,178.67,113.06
09:45,209.68,113.73
10:00,195.26,104.82
10:15,218.09,107.01
10:30,215.37,95.8
10:45,214.15,84.62
11:00,243.91,90.97
11:15,237.78,82.92
11:30,247.26,68.85
11:45,250.42,74.62
12:00,247.73,70.41
12:15,216.8,63.18
12:30,251.09,54.85
12:45,250.69,44.39
13:00,245.43,54.67
13:15,264.38,49.33
13:30,232.63,48.81
13:45,250.12,52.66
14:00,227.13,53.53
14:15,229.19,55.97
14:30,212.59,49.87
14:45,209.04,44.84
15:00,209.45,54.42
15:15,196.86,53.28
15:30,169.44,54.16
15:45,172.49,54.63
16:00,163.76,63.7
16:15,177.76,66.35
16:30,145.24,69.71
16:45,105.35,75.39
17:00,116.93,94.07
17:15,100.2,90.22
17:30,88.22,90.36
17:45,88.66,107.78
18:00,69.72,107.31
18:15,62.6,112.36
18:30,37.47,137.14
18:45,2.71,129.11
19:00,1.25,133.81
19:15,0.0,131.31
19:30,0.0,140.34
19:45,0.0,133.76
20:00,0.0,138.7
20:15,0.0,127.35
20:30,0.0,133.93
20:45,0.0,115.45
21:00,0.0,110.25
21:15,0.0,108.09
21:30,0.0,90.05
21:45,0.0,89.85
22:00,0.0,88.29
22:15,0.0,67.48
22:30,0.0,71.0
22:45,0.0,66.78
23:00,0.0,65.59
23:15,0.0,52.45
23:30,0.0,49.65
23:45,0.0,57.04
